Category,Example,Picture
Pop divas,Beyoncé,TRUE
Pop divas,Lady Gaga,TRUE
Pop divas,Ariana Grande,TRUE
Pop divas,Taylor Swift,TRUE
Pop divas,Rihanna,TRUE
Pop divas,Katy Perry,TRUE
Pop divas,Mariah Carey,TRUE
Pop divas,Whitney Houston,TRUE
Pop divas,Madonna,TRUE
Pop divas,Britney Spears,TRUE
Pop divas,Christina Aguilera,TRUE
Pop divas,Jennifer Lopez,TRUE
Pop divas,Shakira,TRUE
Pop divas,Dua Lipa,TRUE
Pop divas,Doja Cat,TRUE
Pop divas,Selena Gomez,TRUE
Pop divas,Demi Lovato,TRUE
Pop divas,Sia,TRUE
Pop divas,Adele,TRUE
Pop divas,Kesha,TRUE
Pop divas,Lizzo,TRUE
Pop divas,Nicki Minaj,TRUE
Pop divas,Céline Dion,TRUE
Pop divas,Billie Eilish,TRUE
Pop divas,Miley Cyrus,TRUE
Pop divas,Pink,TRUE
Pop divas,Fergie,TRUE
Pop divas,Normani,TRUE
Pop divas,Charli XCX,TRUE
Pop divas,Kylie Minogue,TRUE
Pop divas,Camila Cabello,TRUE
Pop divas,Avril Lavigne,TRUE
Pop divas,Ashanti,TRUE
Pop divas,Ellie Goulding,TRUE
Pop divas,Alicia Keys,TRUE
Pop divas,Tove Lo,TRUE
Pop divas,Grimes,TRUE
Pop divas,Tinashe,TRUE
Pop divas,Chlöe Bailey,TRUE
Pop divas,Halsey,TRUE
Pop divas,Olivia Rodrigo,TRUE
Pop divas,Rosalía,TRUE
Pop divas,Florence Welch,TRUE
Pop divas,Janet Jackson,TRUE
Pop divas,Janelle Monáe,TRUE
Pop divas,Hayley Williams,TRUE
Pop divas,Jessie J,TRUE
Pop divas,Bonnie Tyler,TRUE
Pop divas,Chappell Roan,TRUE
Chicago neighborhoods,The Loop,FALSE
Chicago neighborhoods,River North,FALSE
Chicago neighborhoods,Streeterville,FALSE
Chicago neighborhoods,Gold Coast,FALSE
Chicago neighborhoods,Lincoln Park,FALSE
Chicago neighborhoods,Lakeview,FALSE
Chicago neighborhoods,Wrigleyville,FALSE
Chicago neighborhoods,Old Town,FALSE
Chicago neighborhoods,West Loop,FALSE
Chicago neighborhoods,Fulton Market,FALSE
Chicago neighborhoods,Pilsen,FALSE
Chicago neighborhoods,Bridgeport,FALSE
Chicago neighborhoods,Bronzeville,FALSE
Chicago neighborhoods,Hyde Park,FALSE
Chicago neighborhoods,Kenwood,FALSE
Chicago neighborhoods,Chinatown,FALSE
Chicago neighborhoods,Uptown,FALSE
Chicago neighborhoods,Edgewater,FALSE
Chicago neighborhoods,Rogers Park,FALSE
Chicago neighborhoods,Andersonville,FALSE
Chicago neighborhoods,Logan Square,FALSE
Chicago neighborhoods,Bucktown,FALSE
Chicago neighborhoods,Avondale,FALSE
Chicago neighborhoods,Irving Park,FALSE
Chicago neighborhoods,Albany Park,FALSE
Chicago neighborhoods,West Town,FALSE
Chicago neighborhoods,Humboldt Park,FALSE
Chicago neighborhoods,Garfield Park,FALSE
Chicago neighborhoods,Austin,FALSE
Chicago neighborhoods,Englewood,FALSE
Chicago neighborhoods,South Shore,FALSE
Chicago neighborhoods,Beverly,FALSE
Chicago neighborhoods,Morgan Park,FALSE
Chicago neighborhoods,Portage Park,FALSE
Chicago neighborhoods,Jefferson Park,FALSE
Chicago neighborhoods,Edison Park,FALSE
Chicago neighborhoods,Dunning,FALSE
Chicago neighborhoods,Hegewisch,FALSE
Chicago neighborhoods,Pullman,FALSE
Chicago neighborhoods,Roseland,FALSE
Chicago neighborhoods,Canaryville,FALSE
Chicago neighborhoods,Back of the Yards,FALSE
Chicago neighborhoods,Archer Heights,FALSE
Chicago neighborhoods,Gage Park,FALSE
Chicago neighborhoods,Montclare,FALSE
Chicago neighborhoods,Forest Glen,FALSE
Chicago neighborhoods,Near North Side,FALSE
Chicago neighborhoods,Near South Side,FALSE
Chicago neighborhoods,Near West Side,FALSE
Chicago tourist stuff,Willis Tower Skydeck,FALSE
Chicago tourist stuff,Cloud Gate (The Bean),FALSE
Chicago tourist stuff,Navy Pier,FALSE
Chicago tourist stuff,Millennium Park,FALSE
Chicago tourist stuff,Chicago Riverwalk,FALSE
Chicago tourist stuff,Architectural Boat Tour,FALSE
Chicago tourist stuff,Shedd Aquarium,FALSE
Chicago tourist stuff,Field Museum,FALSE
Chicago tourist stuff,Adler Planetarium,FALSE
Chicago tourist stuff,Art Institute of Chicago,FALSE
Chicago tourist stuff,Lincoln Park Zoo,FALSE
Chicago tourist stuff,Maggie Daley Park,FALSE
Chicago tourist stuff,Wrigley Field,FALSE
Chicago tourist stuff,Soldier Field,FALSE
Chicago tourist stuff,Garfield Park Conservatory,FALSE
Chicago tourist stuff,Chicago Theatre,FALSE
Chicago tourist stuff,Grant Park,FALSE
Chicago tourist stuff,360 Chicago,FALSE
Chicago tourist stuff,Museum of Science and Industry,FALSE
Chicago tourist stuff,Chicago Cultural Center,FALSE
Chicago tourist stuff,The Magnificent Mile,FALSE
Chicago tourist stuff,Chicago Water Tower,FALSE
Chicago tourist stuff,Chicago History Museum,FALSE
Chicago tourist stuff,Promontory Point,FALSE
Chicago tourist stuff,The Robey rooftop,FALSE
Chicago tourist stuff,Ferris wheel at Navy Pier,FALSE
Chicago tourist stuff,ChinaTown Square,FALSE
Chicago tourist stuff,Maxwell Street Market,FALSE
Chicago tourist stuff,Billy Goat Tavern,FALSE
Chicago tourist stuff,Portillo’s,FALSE
Chicago tourist stuff,Gino’s East,FALSE
Chicago tourist stuff,Garrett Popcorn,FALSE
Chicago tourist stuff,Divvy bikes,FALSE
Chicago tourist stuff,Metra Electric line,FALSE
Chicago tourist stuff,Chicago Pedway,FALSE
Chicago tourist stuff,The Violet Hour,FALSE
Chicago tourist stuff,Second City,FALSE
Chicago tourist stuff,Blue Man Group,FALSE
Chicago tourist stuff,The Green Mill,FALSE
Chicago tourist stuff,Chicago Botanic Garden,FALSE
Chicago tourist stuff,Brookfield Zoo,FALSE
Chicago tourist stuff,Calder’s Flamingo,FALSE
Chicago tourist stuff,Chicago Lakefront Trail,FALSE
Chicago tourist stuff,The 606 Trail,FALSE
Chicago tourist stuff,Andersonville Clark St.,FALSE
Chicago tourist stuff,Chicago Hot Dog stands,FALSE
Chicago tourist stuff,Buckingham Fountain,FALSE
Chicago tourist stuff,Chicago Pizza Museum (former),FALSE
Chicago tourist stuff,Shakespeare Theater Navy Pier,FALSE
Comedians,Dave Chappelle,FALSE
Comedians,John Mulaney,FALSE
Comedians,Ali Wong,FALSE
Comedians,Jim Gaffigan,FALSE
Comedians,Hasan Minhaj,FALSE
Comedians,Taylor Tomlinson,FALSE
Comedians,Pete Davidson,FALSE
Comedians,Bo Burnham,FALSE
Comedians,Kevin Hart,FALSE
Comedians,Tig Notaro,FALSE
Comedians,Sarah Silverman,FALSE
Comedians,Norm Macdonald,FALSE
Comedians,Jerry Seinfeld,FALSE
Comedians,Ellen DeGeneres,FALSE
Comedians,Amy Schumer,FALSE
Comedians,Trevor Noah,FALSE
Comedians,Bill Burr,FALSE
Comedians,Tom Segura,FALSE
Comedians,Bert Kreischer,FALSE
Comedians,Robin Williams,FALSE
Comedians,Chris Rock,FALSE
Comedians,Louis C.K.,FALSE
Comedians,Hannah Gadsby,FALSE
Comedians,Nikki Glaser,FALSE
Comedians,Jo Koy,FALSE
Comedians,Gabriel Iglesias,FALSE
Comedians,Maria Bamford,FALSE
Comedians,Mike Birbiglia,FALSE
Comedians,Jim Jefferies,FALSE
Comedians,Marc Maron,FALSE
Comedians,Whitney Cummings,FALSE
Comedians,Kathleen Madigan,FALSE
Comedians,Ron Funches,FALSE
Comedians,Joe Rogan,FALSE
Comedians,George Carlin,FALSE
Comedians,Richard Pryor,FALSE
Comedians,Patton Oswalt,FALSE
Comedians,Demetri Martin,FALSE
Comedians,Jimmy Carr,FALSE
Comedians,Ricky Gervais,FALSE
Comedians,Larry David,FALSE
Comedians,Wanda Sykes,FALSE
Comedians,Chelsea Peretti,FALSE
Comedians,Hasan Minhaj,FALSE
Comedians,Cameron Esposito,FALSE
Comedians,Rory Scovel,FALSE
Comedians,Michelle Wolf,FALSE
Comedians,Bill Hicks,FALSE
Comedians,Eddie Murphy,FALSE
Improv comedians,Tina Fey,FALSE
Improv comedians,Amy Poehler,FALSE
Improv comedians,Colin Mochrie,FALSE
Improv comedians,Ryan Stiles,FALSE
Improv comedians,Wayne Brady,FALSE
Improv comedians,Steve Carell,FALSE
Improv comedians,Stephen Colbert,FALSE
Improv comedians,Jordan Klepper,FALSE
Improv comedians,Paul Scheer,FALSE
Improv comedians,Jessica St. Clair,FALSE
Improv comedians,Lennon Parham,FALSE
Improv comedians,Ben Schwartz,FALSE
Improv comedians,Thomas Middleditch,FALSE
Improv comedians,Chris Gethard,FALSE
Improv comedians,Jason Mantzoukas,FALSE
Improv comedians,Aidy Bryant,FALSE
Improv comedians,Keegan-Michael Key,FALSE
Improv comedians,Jordan Peele,FALSE
Improv comedians,Will Ferrell,FALSE
Improv comedians,Kristen Wiig,FALSE
Improv comedians,Fred Armisen,FALSE
Improv comedians,Bill Hader,FALSE
Improv comedians,Bobby Moynihan,FALSE
Improv comedians,John Belushi,FALSE
Improv comedians,Dan Aykroyd,FALSE
Improv comedians,Gilda Radner,FALSE
Improv comedians,Catherine O’Hara,FALSE
Improv comedians,Eugene Levy,FALSE
Improv comedians,Mike Myers,FALSE
Improv comedians,Chris Farley,FALSE
Improv comedians,Rachel Dratch,FALSE
Improv comedians,Kate McKinnon,FALSE
Improv comedians,Maya Rudolph,FALSE
Improv comedians,Michael Che,FALSE
Improv comedians,Andy Samberg,FALSE
Improv comedians,Martin Short,FALSE
Improv comedians,Tim Robinson,FALSE
Improv comedians,Cecily Strong,FALSE
Improv comedians,Scott Adsit,FALSE
Improv comedians,Jack McBrayer,FALSE
Improv comedians,Horatio Sanz,FALSE
Improv comedians,Kenan Thompson,FALSE
Improv comedians,Phoebe Robinson,FALSE
Improv comedians,Paul F. Tompkins,FALSE
Improv comedians,Nicole Byer,FALSE
Improv comedians,Jenny Slate,FALSE
Improv comedians,Joe Lo Truglio,FALSE
Improv comedians,Charna Halpern,FALSE
Improv comedians,Del Close,FALSE
Kitchen gadgets,Spatula,TRUE
Kitchen gadgets,Whisk,TRUE
Kitchen gadgets,Tongs,TRUE
Kitchen gadgets,Measuring cups,TRUE
Kitchen gadgets,Measuring spoons,TRUE
Kitchen gadgets,Cheese grater,TRUE
Kitchen gadgets,Potato peeler,TRUE
Kitchen gadgets,Can opener,TRUE
Kitchen gadgets,Bottle opener,TRUE
Kitchen gadgets,Colander,TRUE
Kitchen gadgets,Cutting board,TRUE
Kitchen gadgets,Pastry brush,TRUE
Kitchen gadgets,Garlic press,TRUE
Kitchen gadgets,Kitchen shears,TRUE
Kitchen gadgets,Pizza cutter,TRUE
Kitchen gadgets,Mandoline slicer,TRUE
Kitchen gadgets,Immersion blender,TRUE
Kitchen gadgets,Food processor,TRUE
Kitchen gadgets,Stand mixer,TRUE
Kitchen gadgets,Hand mixer,TRUE
Kitchen gadgets,Slow cooker,TRUE
Kitchen gadgets,Pressure cooker,TRUE
Kitchen gadgets,Air fryer,TRUE
Kitchen gadgets,Toaster oven,TRUE
Kitchen gadgets,Microwave,TRUE
Kitchen gadgets,Digital thermometer,TRUE
Kitchen gadgets,Oven mitts,TRUE
Kitchen gadgets,Baking sheet,TRUE
Kitchen gadgets,Muffin tin,TRUE
Kitchen gadgets,Rolling pin,TRUE
Kitchen gadgets,Mortar and pestle,TRUE
Kitchen gadgets,Spice grinder,TRUE
Kitchen gadgets,Juicer,TRUE
Kitchen gadgets,Citrus zester,TRUE
Kitchen gadgets,Funnel,TRUE
Kitchen gadgets,French press,TRUE
Kitchen gadgets,Coffee grinder,TRUE
Kitchen gadgets,Cast iron pan,TRUE
Kitchen gadgets,Meat tenderizer,TRUE
Kitchen gadgets,Splatter screen,TRUE
Kitchen gadgets,Strainer,TRUE
Kitchen gadgets,Rice cooker,TRUE
Kitchen gadgets,Blender,TRUE
Kitchen gadgets,Egg separator,TRUE
Kitchen gadgets,Salad spinner,TRUE
Kitchen gadgets,Ice cream scoop,TRUE
Kitchen gadgets,Kitchen scale,TRUE
Junk drawer,Rubber bands,FALSE
Junk drawer,Scissors,FALSE
Junk drawer,Old batteries,FALSE
Junk drawer,Loose change,FALSE
Junk drawer,Pens,FALSE
Junk drawer,Pencils,FALSE
Junk drawer,Post-it notes,FALSE
Junk drawer,Thumbtacks,FALSE
Junk drawer,Paper clips,FALSE
Junk drawer,Dried-out markers,FALSE
Junk drawer,Broken phone chargers,FALSE
Junk drawer,USB cables,FALSE
Junk drawer,Random keys,FALSE
Junk drawer,Binder clips,FALSE
Junk drawer,Safety pins,FALSE
Junk drawer,Glue sticks,FALSE
Junk drawer,Adhesive tape,FALSE
Junk drawer,Spare buttons,FALSE
Junk drawer,Twine,FALSE
Junk drawer,Small flashlight,FALSE
Junk drawer,Matches,FALSE
Junk drawer,Lighters,FALSE
Junk drawer,Screwdriver,FALSE
Junk drawer,Allen wrenches,FALSE
Junk drawer,AA batteries,FALSE
Junk drawer,AAA batteries,FALSE
Junk drawer,Sticky tack,FALSE
Junk drawer,Old gift cards,FALSE
Junk drawer,Candle stubs,FALSE
Junk drawer,Rubber gloves,FALSE
Junk drawer,Felt pads,FALSE
Junk drawer,Coin purse,FALSE
Junk drawer,Old receipts,FALSE
Junk drawer,Expired coupons,FALSE
Junk drawer,Clothespins,FALSE
Junk drawer,Twist ties,FALSE
Junk drawer,Plastic utensils,FALSE
Junk drawer,Loose screws,FALSE
Junk drawer,Spare fuses,FALSE
Junk drawer,Old sunglasses,FALSE
Junk drawer,Chip clips,FALSE
Junk drawer,Pocket knife,FALSE
Junk drawer,Flash drives,FALSE
Junk drawer,Playing cards,FALSE
Junk drawer,Bottle opener,FALSE
Junk drawer,Old magnets,FALSE
Junk drawer,Rubber stopper,FALSE
Junk drawer,Keychains,FALSE
Junk drawer,Notepad,FALSE
Junk drawer,Coasters,FALSE
Laundry,Laundry detergent,FALSE
Laundry,Fabric softener,FALSE
Laundry,Dryer sheets,FALSE
Laundry,Stain remover,FALSE
Laundry,Delicates bag,FALSE
Laundry,Laundry basket,FALSE
Laundry,Hamper,FALSE
Laundry,Folded towels,FALSE
Laundry,Clothesline,FALSE
Laundry,Clothespins,FALSE
Laundry,Washing machine,FALSE
Laundry,Dryer,FALSE
Laundry,Iron,FALSE
Laundry,Ironing board,FALSE
Laundry,Wrinkle releaser spray,FALSE
Laundry,Bleach,FALSE
Laundry,Color catcher sheets,FALSE
Laundry,Wool dryer balls,FALSE
Laundry,Dry cleaning bag,FALSE
Laundry,Lint roller,FALSE
Laundry,Lint trap,FALSE
Laundry,Mesh laundry bag,FALSE
Laundry,Soaking basin,FALSE
Laundry,Detergent pods,FALSE
Laundry,Laundry sanitizer,FALSE
Laundry,Pre-treatment spray,FALSE
Laundry,Fabric refresher,FALSE
Laundry,Hand-wash soap,FALSE
Laundry,Drying rack,FALSE
Laundry,Steamer,FALSE
Laundry,Clothing hangers,FALSE
Laundry,Scent boosters,FALSE
Laundry,Laundry marker,FALSE
Laundry,Clothes brush,FALSE
Laundry,Spot remover pen,FALSE
Laundry,Laundry scoop,FALSE
Laundry,Folding board,FALSE
Laundry,Static guard,FALSE
Laundry,Laundry basket wheels,FALSE
Laundry,Delicate detergent,FALSE
Laundry,Baby detergent,FALSE
Laundry,Down detergent,FALSE
Laundry,Starch spray,FALSE
Laundry,Laundry timer,FALSE
Laundry,Clothing repair kit,FALSE
Laundry,Spare buttons,FALSE
Laundry,Detergent measuring cup,FALSE
Laundry,Terry cloth rags,FALSE
Laundry,Clothing clips,FALSE
New England establishments,Dunkin',FALSE
New England establishments,Legal Sea Foods,FALSE
New England establishments,Wegmans,FALSE
New England establishments,Market Basket,FALSE
New England establishments,Stop & Shop,FALSE
New England establishments,Shaw’s,FALSE
New England establishments,Cumberland Farms,FALSE
New England establishments,Friendly’s,FALSE
New England establishments,Pizza Regina,FALSE
New England establishments,Bertucci’s,FALSE
New England establishments,Star Market,FALSE
New England establishments,Yankee Candle Village,FALSE
New England establishments,Newbury Comics,FALSE
New England establishments,LL Bean,FALSE
New England establishments,Salem Witch Museum,FALSE
New England establishments,Mystic Aquarium,FALSE
New England establishments,Ben & Jerry’s Factory,FALSE
New England establishments,Clam Shack (Kennebunkport),FALSE
New England establishments,The Black Dog,FALSE
New England establishments,Mike’s Pastry,FALSE
New England establishments,Modern Pastry,FALSE
New England establishments,Flour Bakery,FALSE
New England establishments,Tatte Bakery,FALSE
New England establishments,Union Oyster House,FALSE
New England establishments,Cheers Bar (Boston),FALSE
New England establishments,Cape Cod Potato Chips Factory,FALSE
New England establishments,Boston Athenaeum,FALSE
New England establishments,Quincy Market,FALSE
New England establishments,Faneuil Hall,FALSE
New England establishments,Gillette Stadium,FALSE
New England establishments,Foxwoods Casino,FALSE
New England establishments,Mohegan Sun,FALSE
New England establishments,Red Arrow Diner,FALSE
New England establishments,Almond Joy Factory (original),FALSE
New England establishments,Portland Head Light,FALSE
New England establishments,Boston Harbor Hotel,FALSE
New England establishments,Copley Place,FALSE
New England establishments,The North End,FALSE
New England establishments,Patriot Place,FALSE
New England establishments,WaterFire Providence,FALSE
New England establishments,Amherst Coffee,FALSE
New England establishments,South Station,FALSE
New England establishments,MBTA,FALSE
New England establishments,Old Sturbridge Village,FALSE
New England establishments,Plimoth Patuxet Museums,FALSE
New England establishments,Hampton Beach Casino Ballroom,FALSE
New England establishments,House of Seven Gables,FALSE
New England establishments,Blackstone Valley,FALSE
New England establishments,Old Port Portland,FALSE
UMass Amherst,Frank Dining Hall,FALSE
UMass Amherst,Berk Dining Hall,FALSE
UMass Amherst,Worcester Dining Commons,FALSE
UMass Amherst,Hampshire Dining Hall (closed but iconic),FALSE
UMass Amherst,Campus Center,FALSE
UMass Amherst,Student Union,FALSE
UMass Amherst,Library (W.E.B. Du Bois),FALSE
UMass Amherst,Isenberg School of Management,FALSE
UMass Amherst,Old Chapel,FALSE
UMass Amherst,Mullins Center,FALSE
UMass Amherst,Recreation Center,FALSE
UMass Amherst,Southwest Residential Area,FALSE
UMass Amherst,Northeast Residential Area,FALSE
UMass Amherst,Central Residential Area,FALSE
UMass Amherst,Orchard Hill,FALSE
UMass Amherst,Honors College,FALSE
UMass Amherst,Blue Wall,FALSE
UMass Amherst,Hampshire Mailroom,FALSE
UMass Amherst,UMass Store,FALSE
UMass Amherst,Herter Hall,FALSE
UMass Amherst,Marston Hall,FALSE
UMass Amherst,Goessmann Lab,FALSE
UMass Amherst,Machmer Hall,FALSE
UMass Amherst,Fine Arts Center,FALSE
UMass Amherst,Studio Arts Building,FALSE
UMass Amherst,Stockbridge School,FALSE
UMass Amherst,UMass Pond,FALSE
UMass Amherst,Puffton Village,FALSE
UMass Amherst,North Apartments,FALSE
UMass Amherst,Sylvan Residential Area,FALSE
UMass Amherst,JQA Dorms,FALSE
UMass Amherst,Grayson Hall,FALSE
UMass Amherst,Lot 33,FALSE
UMass Amherst,Haigis Mall,FALSE
UMass Amherst,UMass Bus System,FALSE
UMass Amherst,Bluebike stations,FALSE
UMass Amherst,UMass Police,FALSE
UMass Amherst,The Hatch,FALSE
UMass Amherst,UMass Permaculture Garden,FALSE
UMass Amherst,Unity Park,FALSE
UMass Amherst,UMass Observatory,FALSE
UMass Amherst,Curry Hicks Cage,FALSE
UMass Amherst,Old Southwest towers,FALSE
UMass Amherst,Hampden Gallery,FALSE
UMass Amherst,Springfield Hall,FALSE
UMass Amherst,Patterson Hall,FALSE
UMass Amherst,Gorbachev Dorm rumor,FALSE
UMass Amherst,Durfee Conservatory,FALSE
UMass Amherst,UMass Minuteman statue,FALSE
UMass Amherst,The Spoke (bar),FALSE
UMass Amherst,Amherst Cinema,FALSE
UMass Amherst,People’s Market,FALSE
Board games,Monopoly,TRUE
Board games,Scrabble,TRUE
Board games,Clue,TRUE
Board games,Operation,TRUE
Board games,Candy Land,TRUE
Board games,Risk,TRUE
Board games,The Game of Life,TRUE
Board games,Trivial Pursuit,TRUE
Board games,Pictionary,TRUE
Board games,Scattergories,TRUE
Board games,Catan,TRUE
Board games,Carcassonne,TRUE
Board games,Ticket to Ride,TRUE
Board games,Pandemic,TRUE
Board games,7 Wonders,TRUE
Board games,Chess,TRUE
Board games,Secret Hitler,TRUE
Board games,Backgammon,TRUE
Board games,Stratego,TRUE
Board games,Battleship,TRUE
Board games,Guess Who?,TRUE
Board games,Connect Four,TRUE
Board games,Taboo,TRUE
Board games,Apples to Apples,TRUE
Board games,Cards Against Humanity,TRUE
Board games,Gloomhaven,TRUE
Board games,Azul,TRUE
Board games,Five Tribes,TRUE
Board games,Spirit Island,TRUE
Board games,Forbidden Island,TRUE
Board games,Villainous,TRUE
Board games,Arkham Horror,TRUE
Board games,Hues and Clues,TRUE
Board games,Wingspan,TRUE
Board games,Wavelength,TRUE
Board games,Fluxx,TRUE
Board games,Chutes and Ladders,TRUE
Board games,Labyrinth,TRUE
Board games,Blokus,TRUE
Board games,Othello,TRUE
Board games,Hungry Hungry Hippos,TRUE
Board games,Aggravation,TRUE
Board games,Mouse Trap,TRUE
Board games,Bananagrams,TRUE
Board games,Yahtzee,TRUE
Board games,Trouble,TRUE
Board games,Sorry!,TRUE
Board games,Shadows Over Camelot,TRUE
Board games,Dominion,TRUE
Board games,Decrypto,TRUE
Video games,Super Mario Bros.,FALSE
Video games,The Legend of Zelda,FALSE
Video games,Pokémon Red/Blue,FALSE
Video games,Pokémon Scarlet/Violet,FALSE
Video games,Minecraft,FALSE
Video games,Fortnite,FALSE
Video games,Roblox,FALSE
Video games,Overwatch,FALSE
Video games,Call of Duty,FALSE
Video games,Halo,FALSE
Video games,Gears of War,FALSE
Video games,League of Legends,FALSE
Video games,Valorant,FALSE
Video games,Apex Legends,FALSE
Video games,Grand Theft Auto V,FALSE
Video games,Red Dead Redemption 2,FALSE
Video games,Skyrim,FALSE
Video games,Fallout 4,FALSE
Video games,Animal Crossing: New Horizons,FALSE
Video games,Stardew Valley,FALSE
Video games,Undertale,FALSE
Video games,Celeste,FALSE
Video games,Hades,FALSE
Video games,Diablo III,FALSE
Video games,World of Warcraft,FALSE
Video games,StarCraft,FALSE
Video games,Metroid Prime,FALSE
Video games,Donkey Kong Country,FALSE
Video games,Sonic the Hedgehog,FALSE
Video games,Street Fighter II,FALSE
Video games,Mortal Kombat,FALSE
Video games,FIFA,FALSE
Video games,Madden NFL,FALSE
Video games,NBA 2K,FALSE
Video games,Rocket League,FALSE
Video games,Tetris,FALSE
Video games,Pac-Man,FALSE
Video games,Resident Evil 4,FALSE
Video games,Dead by Daylight,FALSE
Video games,Destiny 2,FALSE
Video games,Splatoon 3,FALSE
Video games,Fire Emblem,FALSE
Video games,Persona 5,FALSE
Video games,Kingdom Hearts,FALSE
Video games,Final Fantasy VII,FALSE
Video games,Elden Ring,FALSE
Video games,Dark Souls,FALSE
Video games,Bloodborne,FALSE
Video games,The Sims,FALSE
Pokemon,Bulbasaur,TRUE
Pokemon,Ivysaur,TRUE
Pokemon,Venusaur,TRUE
Pokemon,Charmander,TRUE
Pokemon,Charmeleon,TRUE
Pokemon,Charizard,TRUE
Pokemon,Squirtle,TRUE
Pokemon,Wartortle,TRUE
Pokemon,Blastoise,TRUE
Pokemon,Caterpie,TRUE
Pokemon,Weedle,TRUE
Pokemon,Pidgey,TRUE
Pokemon,Rattata,TRUE
Pokemon,Pikachu,TRUE
Pokemon,Raichu,TRUE
Pokemon,Sandshrew,TRUE
Pokemon,Clefairy,TRUE
Pokemon,Vulpix,TRUE
Pokemon,Jigglypuff,TRUE
Pokemon,Zubat,TRUE
Pokemon,Oddish,TRUE
Pokemon,Paras,TRUE
Pokemon,Geodude,TRUE
Pokemon,Ponyta,TRUE
Pokemon,Slowpoke,TRUE
Pokemon,Magnemite,TRUE
Pokemon,Doduo,TRUE
Pokemon,Grimer,TRUE
Pokemon,Shellder,TRUE
Pokemon,Onix,TRUE
Pokemon,Gastly,TRUE
Pokemon,Drowzee,TRUE
Pokemon,Krabby,TRUE
Pokemon,Voltorb,TRUE
Pokemon,Exeggcute,TRUE
Pokemon,Koffing,TRUE
Pokemon,Rhyhorn,TRUE
Pokemon,Horsea,TRUE
Pokemon,Goldeen,TRUE
Pokemon,Staryu,TRUE
Pokemon,Magikarp,TRUE
Pokemon,Eevee,TRUE
Pokemon,Vaporeon,TRUE
Pokemon,Jolteon,TRUE
Pokemon,Flareon,TRUE
Pokemon,Dratini,TRUE
Pokemon,Dragonair,TRUE
Pokemon,Dragonite,TRUE
Pokemon,Mewtwo,TRUE
Pokemon,Mew,TRUE
Broadway shows,Hamilton,TRUE
Broadway shows,Wicked,TRUE
Broadway shows,The Lion King,TRUE
Broadway shows,Chicago,FALSE
Broadway shows,Rent,TRUE
Broadway shows,Into the Woods,TRUE
Broadway shows,West Side Story,FALSE
Broadway shows,Les Misérables,TRUE
Broadway shows,The Phantom of the Opera,TRUE
Broadway shows,Dear Evan Hansen,TRUE
Broadway shows,The Book of Mormon,TRUE
Broadway shows,Mean Girls,TRUE
Broadway shows,Heathers,TRUE
Broadway shows,Beetlejuice,TRUE
Broadway shows,Hairspray,TRUE
Broadway shows,"Hello, Dolly!",TRUE
Broadway shows,Oklahoma!,TRUE
Broadway shows,Cats,TRUE
Broadway shows,Company,TRUE
Broadway shows,Waitress,TRUE
Broadway shows,Hadestown,TRUE
Broadway shows,Six,TRUE
Broadway shows,Aladdin,TRUE
Broadway shows,Frozen,TRUE
Broadway shows,Anastasia,TRUE
Broadway shows,Shrek: The Musical,TRUE
Broadway shows,A Chorus Line,TRUE
Broadway shows,Evita,TRUE
Broadway shows,Jesus Christ Superstar,TRUE
Broadway shows,Joseph and the Amazing Technicolor Dreamcoat,TRUE
Broadway shows,The Sound of Music,TRUE
Broadway shows,My Fair Lady,TRUE
Broadway shows,Fiddler on the Roof,TRUE
Broadway shows,Sweeney Todd,TRUE
Broadway shows,Avenue Q,TRUE
Broadway shows,Spamalot,TRUE
Broadway shows,Oliver!,TRUE
Broadway shows,Beauty and the Beast,TRUE
Broadway shows,Moulin Rouge!,TRUE
Broadway shows,Once,TRUE
Broadway shows,The Color Purple,TRUE
Broadway shows,Parade,TRUE
Broadway shows,Spring Awakening,TRUE
Broadway shows,Fun Home,TRUE
Broadway shows,Next to Normal,TRUE
Broadway shows,Legally Blonde,TRUE
Broadway shows,Matilda,TRUE
Broadway shows,Jersey Boys,TRUE
Broadway shows,Kinky Boots,FALSE
Spirit Halloween Catalogue,Angel,FALSE
Spirit Halloween Catalogue,Astronaut,FALSE
Spirit Halloween Catalogue,Banana suit,FALSE
Spirit Halloween Catalogue,Barbie,FALSE
Spirit Halloween Catalogue,Batman,FALSE
Spirit Halloween Catalogue,Beetlejuice,FALSE
Spirit Halloween Catalogue,Cat costume,FALSE
Spirit Halloween Catalogue,Cheerleader,FALSE
Spirit Halloween Catalogue,Chucky,FALSE
Spirit Halloween Catalogue,Clown,FALSE
Spirit Halloween Catalogue,Cowboy,FALSE
Spirit Halloween Catalogue,Darth Vader,FALSE
Spirit Halloween Catalogue,Devil,FALSE
Spirit Halloween Catalogue,Doctor,FALSE
Spirit Halloween Catalogue,Dog costume,FALSE
Spirit Halloween Catalogue,Fairy,FALSE
Spirit Halloween Catalogue,Firefighter,FALSE
Spirit Halloween Catalogue,Football player,FALSE
Spirit Halloween Catalogue,Freddy Krueger,FALSE
Spirit Halloween Catalogue,Ghost,FALSE
Spirit Halloween Catalogue,Ghostface,FALSE
Spirit Halloween Catalogue,Grim Reaper,FALSE
Spirit Halloween Catalogue,Harley Quinn,FALSE
Spirit Halloween Catalogue,Hot dog suit,FALSE
Spirit Halloween Catalogue,Inflatable dinosaur,FALSE
Spirit Halloween Catalogue,Jason Voorhees,FALSE
Spirit Halloween Catalogue,Joker,FALSE
Spirit Halloween Catalogue,Ken,FALSE
Spirit Halloween Catalogue,Mad scientist,FALSE
Spirit Halloween Catalogue,Mario,FALSE
Spirit Halloween Catalogue,Mermaid,FALSE
Spirit Halloween Catalogue,Michael Myers,FALSE
Spirit Halloween Catalogue,Minion,FALSE
Spirit Halloween Catalogue,Mummy,FALSE
Spirit Halloween Catalogue,Nurse,FALSE
Spirit Halloween Catalogue,Pennywise,FALSE
Spirit Halloween Catalogue,Pirate,FALSE
Spirit Halloween Catalogue,Police officer,FALSE
Spirit Halloween Catalogue,Pumpkin costume,FALSE
Spirit Halloween Catalogue,Skeleton,FALSE
Spirit Halloween Catalogue,Spider-Man,FALSE
Spirit Halloween Catalogue,Stormtrooper,FALSE
Spirit Halloween Catalogue,Supergirl,FALSE
Spirit Halloween Catalogue,Vampire,FALSE
Spirit Halloween Catalogue,Wednesday Addams,FALSE
Spirit Halloween Catalogue,Werewolf,FALSE
Spirit Halloween Catalogue,Witch,FALSE
Spirit Halloween Catalogue,Wonder Woman,FALSE
Spirit Halloween Catalogue,Zombie,FALSE
Thanksgiving,Turkey,FALSE
Thanksgiving,Stuffing,FALSE
Thanksgiving,Mashed Potatoes,FALSE
Thanksgiving,Cranberry Sauce,FALSE
Thanksgiving,Pumpkin Pie,FALSE
Thanksgiving,Green Bean Casserole,FALSE
Thanksgiving,Sweet Potato Casserole,FALSE
Thanksgiving,Gravy,FALSE
Thanksgiving,Dinner Rolls,FALSE
Thanksgiving,Cornbread,FALSE
Thanksgiving,Pecan Pie,FALSE
Thanksgiving,Roasted Vegetables,FALSE
Thanksgiving,Butternut Squash Soup,FALSE
Thanksgiving,Mac and Cheese,FALSE
Thanksgiving,Ham,FALSE
Thanksgiving,Apple Pie,FALSE
Thanksgiving,Deviled Eggs,FALSE
Thanksgiving,Cranberry Relish,FALSE
Thanksgiving,Brussels Sprouts,FALSE
Thanksgiving,Turkey Leg,FALSE
Thanksgiving,Cider,FALSE
Thanksgiving,Yams,FALSE
Thanksgiving,Turkey Stuffing Balls,FALSE
Thanksgiving,Cranberry Bread,FALSE
Thanksgiving,Biscuits,FALSE
Thanksgiving,Thanksgiving Parade,FALSE
Thanksgiving,Football Game,FALSE
Thanksgiving,Family Gathering,FALSE
Thanksgiving,Kids Table,FALSE
Thanksgiving,Leftovers,FALSE
Thanksgiving,Black Friday,FALSE
Thanksgiving,Harvest Decorations,FALSE
Thanksgiving,Autumn Centerpiece,FALSE
Thanksgiving,Cornucopia,FALSE
Thanksgiving,Gratitude List,FALSE
Thanksgiving,Tablecloth,FALSE
Thanksgiving,Turkey Baster,FALSE
Thanksgiving,Pie Server,FALSE
Thanksgiving,Carving Knife,FALSE
Thanksgiving,Roasting Pan,FALSE
Thanksgiving,Fall Leaves,FALSE
Thanksgiving,Pilgrim Hat,FALSE
Thanksgiving,Thanksgiving Toast,FALSE
Thanksgiving,Stuffed Mushrooms,FALSE
Thanksgiving,Dinner Table,FALSE
Thanksgiving,Holiday Photos,FALSE
Thanksgiving,Fireplace,FALSE
Thanksgiving,Friendsgiving,FALSE
Thanksgiving,Pumpkin Roll,FALSE
Reality TV Shows,Survivor,FALSE
Reality TV Shows,The Amazing Race,FALSE
Reality TV Shows,Big Brother,FALSE
Reality TV Shows,The Bachelor,FALSE
Reality TV Shows,The Bachelorette,FALSE
Reality TV Shows,Love Island,FALSE
Reality TV Shows,Too Hot to Handle,FALSE
Reality TV Shows,Queer Eye,FALSE
Reality TV Shows,RuPaul's Drag Race,FALSE
Reality TV Shows,The Circle,FALSE
Reality TV Shows,Hell's Kitchen,FALSE
Reality TV Shows,MasterChef,FALSE
Reality TV Shows,The Voice,FALSE
Reality TV Shows,American Idol,FALSE
Reality TV Shows,Top Chef,FALSE
Reality TV Shows,Project Runway,FALSE
Reality TV Shows,The Real Housewives,FALSE
Reality TV Shows,Vanderpump Rules,FALSE
Reality TV Shows,90 Day Fiancé,FALSE
Reality TV Shows,Married at First Sight,FALSE
Reality TV Shows,Below Deck,FALSE
Reality TV Shows,Jersey Shore,FALSE
Reality TV Shows,The Challenge,FALSE
Reality TV Shows,Ink Master,FALSE
Reality TV Shows,Shark Tank,FALSE
Reality TV Shows,Bar Rescue,FALSE
Reality TV Shows,Pawn Stars,FALSE
Reality TV Shows,Storage Wars,FALSE
Reality TV Shows,Forged in Fire,FALSE
Reality TV Shows,Nailed It!,FALSE
Reality TV Shows,Bake Off,FALSE
Reality TV Shows,Kitchen Nightmares,FALSE
Reality TV Shows,Dance Moms,FALSE
Reality TV Shows,So You Think You Can Dance,FALSE
Reality TV Shows,Love Is Blind,FALSE
Reality TV Shows,Selling Sunset,FALSE
Reality TV Shows,The Great Food Truck Race,FALSE
Reality TV Shows,Wipeout,FALSE
Reality TV Shows,MythBusters,FALSE
Reality TV Shows,Hoarders,FALSE
Reality TV Shows,Catfish,FALSE
Reality TV Shows,Queer Eye for the Straight Guy,FALSE
Reality TV Shows,The Simple Life,FALSE
Reality TV Shows,Laguna Beach,FALSE
Reality TV Shows,Teen Mom,FALSE
Reality TV Shows,The Mole,FALSE
Reality TV Shows,Fear Factor,FALSE
Reality TV Shows,Undercover Boss,FALSE
Reality TV Shows,Extreme Makeover: Home Edition,FALSE
Marvel Movies,Iron Man,FALSE
Marvel Movies,Iron Man 2,FALSE
Marvel Movies,Iron Man 3,FALSE
Marvel Movies,The Incredible Hulk,FALSE
Marvel Movies,Thor,FALSE
Marvel Movies,Thor: The Dark World,FALSE
Marvel Movies,Thor: Ragnarok,FALSE
Marvel Movies,Captain America: The First Avenger,FALSE
Marvel Movies,Captain America: The Winter Soldier,FALSE
Marvel Movies,Captain America: Civil War,FALSE
Marvel Movies,The Avengers,FALSE
Marvel Movies,Avengers: Age of Ultron,FALSE
Marvel Movies,Avengers: Infinity War,FALSE
Marvel Movies,Avengers: Endgame,FALSE
Marvel Movies,Guardians of the Galaxy,FALSE
Marvel Movies,Guardians of the Galaxy Vol. 2,FALSE
Marvel Movies,Guardians of the Galaxy Vol. 3,FALSE
Marvel Movies,Ant-Man,FALSE
Marvel Movies,Ant-Man and the Wasp,FALSE
Marvel Movies,Ant-Man and the Wasp: Quantumania,FALSE
Marvel Movies,Black Panther,FALSE
Marvel Movies,Black Panther: Wakanda Forever,FALSE
Marvel Movies,Doctor Strange,FALSE
Marvel Movies,Doctor Strange in the Multiverse of Madness,FALSE
Marvel Movies,Spider-Man: Homecoming,FALSE
Marvel Movies,Spider-Man: Far From Home,FALSE
Marvel Movies,Spider-Man: No Way Home,FALSE
Marvel Movies,Eternals,FALSE
Marvel Movies,Shang-Chi and the Legend of the Ten Rings,FALSE
Marvel Movies,Captain Marvel,FALSE
Marvel Movies,The Marvels,FALSE
Marvel Movies,Hawkeye,FALSE
Marvel Movies,WandaVision,FALSE
Marvel Movies,Loki,FALSE
Marvel Movies,Falcon and the Winter Soldier,FALSE
Marvel Movies,She-Hulk,FALSE
Marvel Movies,Moon Knight,FALSE
Marvel Movies,Secret Invasion,FALSE
Marvel Movies,What If...?,FALSE
Marvel Movies,X-Men (2000),FALSE
Marvel Movies,X2,FALSE
Marvel Movies,X-Men: The Last Stand,FALSE
Marvel Movies,X-Men: First Class,FALSE
Marvel Movies,X-Men: Days of Future Past,FALSE
Marvel Movies,X-Men: Apocalypse,FALSE
Marvel Movies,Logan,FALSE
Marvel Movies,Deadpool,FALSE
Marvel Movies,Deadpool 2,FALSE
Marvel Movies,Deadpool & Wolverine,FALSE
Fair Foods,Corn Dog,FALSE
Fair Foods,Funnel Cake,FALSE
Fair Foods,Fried Oreos,FALSE
Fair Foods,Turkey Leg,FALSE
Fair Foods,Cotton Candy,FALSE
Fair Foods,Lemonade Shake-Up,FALSE
Fair Foods,Fried Pickles,FALSE
Fair Foods,Curly Fries,FALSE
Fair Foods,Caramel Apples,FALSE
Fair Foods,Fried Twinkies,FALSE
Fair Foods,Elephant Ear,FALSE
Fair Foods,Giant Pretzel,FALSE
Fair Foods,Fried Cheese Curds,FALSE
Fair Foods,Deep-Fried Butter,FALSE
Fair Foods,Churros,FALSE
Fair Foods,Sausage On a Stick,FALSE
Fair Foods,Fried Cookie Dough,FALSE
Fair Foods,Soft Serve Ice Cream,FALSE
Fair Foods,Kettle Corn,FALSE
Fair Foods,Italian Sausage Sandwich,FALSE
Fair Foods,Fried Mac and Cheese,FALSE
Fair Foods,Smoked Brisket Sandwich,FALSE
Fair Foods,Fried PB&J,FALSE
Fair Foods,Snow Cone,FALSE
Fair Foods,Fried Avocado,FALSE
Fair Foods,Corn on the Cob,FALSE
Fair Foods,Deep-Fried Brownie,FALSE
Fair Foods,Fried Banana,FALSE
Fair Foods,Loaded Nachos,FALSE
Fair Foods,Fried Green Tomatoes,FALSE
Fair Foods,Popcorn,FALSE
Fair Foods,Walking Taco,FALSE
Fair Foods,Fried Coconut Shrimp,FALSE
Fair Foods,Blooming Onion,FALSE
Fair Foods,Fruit Cup,FALSE
Fair Foods,Fried Ice Cream,FALSE
Fair Foods,Fried Snickers,FALSE
Fair Foods,Chocolate-Dipped Bacon,FALSE
Fair Foods,Pretzel Bites,FALSE
Fair Foods,Gyro,FALSE
Fair Foods,Mini Donuts,FALSE
Fair Foods,Baked Potato,FALSE
Fair Foods,Fried Jalapeño Slices,FALSE
Fair Foods,BBQ Pork Sandwich,FALSE
Fair Foods,Deep-Fried Pie,FALSE
Fair Foods,Waffle Stick,FALSE
Fair Foods,Fried Mushrooms,FALSE
Fair Foods,Buffalo Wings,FALSE
Fair Foods,Mozzarella Sticks,FALSE
Apps,Facebook,TRUE
Apps,Instagram,TRUE
Apps,Twitter,TRUE
Apps,TikTok,TRUE
Apps,Snapchat,TRUE
Apps,YouTube,TRUE
Apps,Spotify,TRUE
Apps,Netflix,TRUE
Apps,United Airlines,TRUE
Apps,Disney+,TRUE
Apps,Amazon,TRUE
Apps,Uber,TRUE
Apps,Southwest,TRUE
Apps,Doordash,TRUE
Apps,Grubhub,TRUE
Apps,Venmo,TRUE
Apps,Cash App,TRUE
Apps,PayPal,TRUE
Apps,LinkedIn,TRUE
Apps,Reddit,TRUE
Apps,Pinterest,TRUE
Apps,Partiful,TRUE
Apps,WhatsApp,TRUE
Apps,Messenger,TRUE
Apps,Gmail,TRUE
Apps,Google Maps,TRUE
Apps,Apple Maps,TRUE
Apps,Zoom,TRUE
Apps,Microsoft Teams,TRUE
Apps,Slack,TRUE
Apps,Notion,TRUE
Apps,Trello,TRUE
Apps,Twitch,TRUE
Apps,Discord,TRUE
Apps,Kindle,TRUE
Apps,Shazam,TRUE
Apps,Roku,TRUE
Apps,Prime Video,TRUE
Apps,Pandora,TRUE
Apps,Telegram,TRUE
Apps,WeChat,TRUE
Apps,Signal,TRUE
Apps,Robinhood,TRUE
Apps,Fidelity,TRUE
Apps,ESPN,TRUE
Apps,Strava,TRUE
Apps,Instacart,TRUE
Apps,Target,TRUE
Apps,Walmart,TRUE
States,Alabama,FALSE
States,Alaska,FALSE
States,Arizona,FALSE
States,Arkansas,FALSE
States,California,FALSE
States,Colorado,FALSE
States,Connecticut,FALSE
States,Delaware,FALSE
States,Florida,FALSE
States,Georgia,FALSE
States,Hawaii,FALSE
States,Idaho,FALSE
States,Illinois,FALSE
States,Indiana,FALSE
States,Iowa,FALSE
States,Kansas,FALSE
States,Kentucky,FALSE
States,Louisiana,FALSE
States,Maine,FALSE
States,Maryland,FALSE
States,Massachusetts,FALSE
States,Michigan,FALSE
States,Minnesota,FALSE
States,Mississippi,FALSE
States,Missouri,FALSE
States,Montana,FALSE
States,Nebraska,FALSE
States,Nevada,FALSE
States,New Hampshire,FALSE
States,New Jersey,FALSE
States,New Mexico,FALSE
States,New York,FALSE
States,North Carolina,FALSE
States,North Dakota,FALSE
States,Ohio,FALSE
States,Oklahoma,FALSE
States,Oregon,FALSE
States,Pennsylvania,FALSE
States,Rhode Island,FALSE
States,South Carolina,FALSE
States,South Dakota,FALSE
States,Tennessee,FALSE
States,Texas,FALSE
States,Utah,FALSE
States,Vermont,FALSE
States,Virginia,FALSE
States,Washington,FALSE
States,West Virginia,FALSE
States,Wisconsin,FALSE
States,Wyoming,FALSE
Sports,Football,FALSE
Sports,Basketball,FALSE
Sports,Baseball,FALSE
Sports,Hockey,FALSE
Sports,Soccer,FALSE
Sports,Tennis,FALSE
Sports,Golf,FALSE
Sports,Swimming,FALSE
Sports,Track and Field,FALSE
Sports,Volleyball,FALSE
Sports,Softball,FALSE
Sports,Wrestling,FALSE
Sports,Boxing,FALSE
Sports,MMA,FALSE
Sports,Rugby,FALSE
Sports,Cricket,FALSE
Sports,Table Tennis,FALSE
Sports,Badminton,FALSE
Sports,Skiing,FALSE
Sports,Snowboarding,FALSE
Sports,Skateboarding,FALSE
Sports,Surfing,FALSE
Sports,Rowing,FALSE
Sports,Cycling,FALSE
Sports,Fencing,FALSE
Sports,Lacrosse,FALSE
Sports,Field Hockey,FALSE
Sports,Handball,FALSE
Sports,Water Polo,FALSE
Sports,Powerlifting,FALSE
Sports,Bodybuilding,FALSE
Sports,Equestrian,FALSE
Sports,Gymnastics,FALSE
Sports,Curling,FALSE
Sports,Archery,FALSE
Sports,Bowling,FALSE
Sports,Auto Racing,FALSE
Sports,Horse Racing,FALSE
Sports,Billiards,FALSE
Sports,Darts,FALSE
Sports,Ultimate Frisbee,FALSE
Sports,Dodgeball,FALSE
Sports,CrossFit,FALSE
Sports,Marathon,FALSE
Sports,Triathlon,FALSE
Sports,Climbing,FALSE
Sports,Pickleball,FALSE
Sports,Polo,FALSE
Sports,Kickball,FALSE
Sports,Disc Golf,FALSE
Disney Characters,Mickey Mouse,TRUE
Disney Characters,Minnie Mouse,TRUE
Disney Characters,Donald Duck,TRUE
Disney Characters,Goofy,TRUE
Disney Characters,Pluto,TRUE
Disney Characters,Chip and Dale,TRUE
Disney Characters,Snow White,TRUE
Disney Characters,Cinderella,TRUE
Disney Characters,Aurora,TRUE
Disney Characters,Ariel,TRUE
Disney Characters,Belle,TRUE
Disney Characters,Jasmine,TRUE
Disney Characters,Pocahontas,TRUE
Disney Characters,Mulan,TRUE
Disney Characters,Tiana,TRUE
Disney Characters,Rapunzel,TRUE
Disney Characters,Merida,TRUE
Disney Characters,Moana,TRUE
Disney Characters,Anna,TRUE
Disney Characters,Elsa,TRUE
Disney Characters,Kristoff,TRUE
Disney Characters,Olaf,TRUE
Disney Characters,Sven,TRUE
Disney Characters,Simba,TRUE
Disney Characters,Nala,TRUE
Disney Characters,Mufasa,TRUE
Disney Characters,Scar,TRUE
Disney Characters,Timon,TRUE
Disney Characters,Pumbaa,TRUE
Disney Characters,Aladdin,TRUE
Disney Characters,Genie,TRUE
Disney Characters,Abu,TRUE
Disney Characters,Jafar,TRUE
Disney Characters,Tinker Bell,TRUE
Disney Characters,Peter Pan,TRUE
Disney Characters,Wendy,TRUE
Disney Characters,Captain Hook,TRUE
Disney Characters,Tarzan,TRUE
Disney Characters,Jane,TRUE
Disney Characters,Hercules,TRUE
Disney Characters,Megara,TRUE
Disney Characters,Phil,TRUE
Disney Characters,Hades,TRUE
Disney Characters,Stitch,TRUE
Disney Characters,Lilo,TRUE
Disney Characters,Gaston,TRUE
Disney Characters,Beast,TRUE
Disney Characters,Fairy Godmother,TRUE
Sauces,Ketchup,FALSE
Sauces,Mustard,FALSE
Sauces,Mayonnaise,FALSE
Sauces,BBQ Sauce,FALSE
Sauces,Ranch,FALSE
Sauces,Honey Mustard,FALSE
Sauces,Sriracha,FALSE
Sauces,Hot Sauce,FALSE
Sauces,Buffalo Sauce,FALSE
Sauces,Soy Sauce,FALSE
Sauces,Teriyaki Sauce,FALSE
Sauces,Hoisin,FALSE
Sauces,Ponzu,FALSE
Sauces,Sweet and Sour Sauce,FALSE
Sauces,Chimichurri,FALSE
Sauces,Pesto,FALSE
Sauces,Marinara,FALSE
Sauces,Alfredo,FALSE
Sauces,Carbonara Sauce,FALSE
Sauces,Tzatziki,FALSE
Sauces,Hummus,FALSE
Sauces,Guacamole,FALSE
Sauces,Salsa,FALSE
Sauces,Pico de Gallo,FALSE
Sauces,Chipotle Mayo,FALSE
Sauces,Cheese Sauce,FALSE
Sauces,Mole Sauce,FALSE
Sauces,Curry Sauce,FALSE
Sauces,Tartar Sauce,FALSE
Sauces,Remoulade,FALSE
Sauces,Gravy,FALSE
Sauces,Béarnaise,FALSE
Sauces,Hollandaise,FALSE
Sauces,Cocktail Sauce,FALSE
Sauces,Worcestershire,FALSE
Sauces,Fish Sauce,FALSE
Sauces,Peanut Sauce,FALSE
Sauces,Gochujang,FALSE
Sauces,White Sauce,FALSE
Sauces,Bechamel,FALSE
Sauces,Chili Crisp,FALSE
Sauces,Garlic Aioli,FALSE
Sauces,Sesame Dressing,FALSE
Sauces,Blue Cheese Dressing,FALSE
Sauces,Thousand Island,FALSE
Sauces,Caesar Dressing,FALSE
Sauces,Vinaigrette,FALSE
Sauces,Plum Sauce,FALSE
Sauces,Orange Sauce,FALSE
Sauces,Schezwan Sauce,FALSE
Café Drinks,Latte,FALSE
Café Drinks,Cappuccino,FALSE
Café Drinks,Americano,FALSE
Café Drinks,Espresso,FALSE
Café Drinks,Mocha,FALSE
Café Drinks,Macchiato,FALSE
Café Drinks,Flat White,FALSE
Café Drinks,Cold Brew,FALSE
Café Drinks,Iced Coffee,FALSE
Café Drinks,Affogato,FALSE
Café Drinks,Chai Latte,FALSE
Café Drinks,Matcha Latte,FALSE
Café Drinks,Hot Chocolate,FALSE
Café Drinks,Frappuccino,FALSE
Café Drinks,Nitro Cold Brew,FALSE
Café Drinks,Irish Coffee,FALSE
Café Drinks,Cortado,FALSE
Café Drinks,Ristretto,FALSE
Café Drinks,Red Eye,FALSE
Café Drinks,Black Coffee,FALSE
Café Drinks,Café au Lait,FALSE
Café Drinks,Café Bombón,FALSE
Café Drinks,Café Cubano,FALSE
Café Drinks,Turkish Coffee,FALSE
Café Drinks,French Press,FALSE
Café Drinks,Pumpkin Spice Latte,FALSE
Café Drinks,Caramel Macchiato,FALSE
Café Drinks,Drip Coffee,FALSE
Café Drinks,Tea Latte,FALSE
Café Drinks,Earl Grey Tea,FALSE
Café Drinks,Jasmine Tea,FALSE
Café Drinks,Chai Tea,FALSE
Café Drinks,Herbal Tea,FALSE
Café Drinks,Hot Tea,FALSE
Café Drinks,Thai Iced Tea,FALSE
Café Drinks,Dirty Chai,FALSE
Café Drinks,Mint Tea,FALSE
Café Drinks,Iced Latte,FALSE
Café Drinks,Iced Matcha,FALSE
Café Drinks,Iced Chai,FALSE
Café Drinks,Iced Mocha,FALSE
Café Drinks,Blended Latte,FALSE
Café Drinks,Smoothie,FALSE
Café Drinks,Strawberry Refresher,FALSE
Café Drinks,Lemonade,FALSE
Café Drinks,Arnold Palmer,FALSE
Café Drinks,Protein Shake,FALSE
Café Drinks,Kombucha,FALSE
Café Drinks,Steamer,FALSE
Brand Slogans,Just Do It,FALSE
Brand Slogans,I’m Lovin’ It,FALSE
Brand Slogans,Think Different,FALSE
Brand Slogans,Because You’re Worth It,FALSE
Brand Slogans,Have It Your Way,FALSE
Brand Slogans,The Happiest Place on Earth,FALSE
Brand Slogans,Open Happiness,FALSE
Brand Slogans,What’s in Your Wallet?,FALSE
Brand Slogans,Save Money. Live Better.,FALSE
Brand Slogans,The Quicker Picker Upper,FALSE
Brand Slogans,Betcha Can’t Eat Just One,FALSE
Brand Slogans,Can You Hear Me Now?,FALSE
Brand Slogans,"Melt in Your Mouth, Not in Your Hands",FALSE
Brand Slogans,Maybe She’s Born With It,FALSE
Brand Slogans,Think Outside the Bun,FALSE
Brand Slogans,Eat Fresh,FALSE
Brand Slogans,The King of Beers,FALSE
Brand Slogans,Red Bull Gives You Wings,FALSE
Brand Slogans,"Have a Break, Have a Kit Kat",FALSE
Brand Slogans,Obey Your Thirst,FALSE
Brand Slogans,The Snack That Smiles Back,FALSE
Brand Slogans,America Runs on Dunkin’,FALSE
Brand Slogans,The Best a Man Can Get,FALSE
Brand Slogans,Stronger Than Dirt,FALSE
Brand Slogans,Quality Never Goes Out of Style,FALSE
Brand Slogans,Good to the Last Drop,FALSE
Brand Slogans,Finger Lickin’ Good,FALSE
Brand Slogans,Let’s Go Places,FALSE
Brand Slogans,Zoom Zoom,FALSE
Brand Slogans,The Ultimate Driving Machine,FALSE
Brand Slogans,Like a Good Neighbor,FALSE
Brand Slogans,Live Más,FALSE
Brand Slogans,Every Kiss Begins With Kay,FALSE
Brand Slogans,Shave Time. Shave Money.,FALSE
Brand Slogans,Think Small,FALSE
Brand Slogans,Designed for Driving Pleasure,FALSE
Brand Slogans,Challenge Everything,FALSE
Brand Slogans,Nothing Runs Like a Deere,FALSE
Brand Slogans,Connecting People,FALSE
Brand Slogans,The Breakfast of Champions,FALSE
Brand Slogans,Do the Dew,FALSE
Brand Slogans,Always Coca-Cola,FALSE
Brand Slogans,Magically Delicious,FALSE
Brand Slogans,The Taste of a New Generation,FALSE
Brand Slogans,Live in Your World. Play in Ours.,FALSE
Brand Slogans,"Easy, Breezy, Beautiful",FALSE
Brand Slogans,Maybe It’s Time for a Huggies Change,FALSE
Brand Slogans,We Bring Good Things to Life,FALSE
Brand Slogans,Stronger Than Ever,FALSE
Brand Slogans,Don’t Leave Home Without It,FALSE
Brand Slogans,Every Little Helps,FALSE
Fast food chains,McDonald's,FALSE
Fast food chains,Burger King,FALSE
Fast food chains,Wendy's,FALSE
Fast food chains,Taco Bell,FALSE
Fast food chains,Chick-fil-A,FALSE
Fast food chains,KFC,FALSE
Fast food chains,Popeyes,FALSE
Fast food chains,Subway,FALSE
Fast food chains,Chipotle,FALSE
Fast food chains,Panda Express,FALSE
Fast food chains,Five Guys,FALSE
Fast food chains,Shake Shack,FALSE
Fast food chains,Arby's,FALSE
Fast food chains,Jimmy John's,FALSE
Fast food chains,Jersey Mike's,FALSE
Fast food chains,Culver's,FALSE
Fast food chains,In-N-Out,FALSE
Fast food chains,Sonic,FALSE
Fast food chains,Pizza Hut,FALSE
Fast food chains,Domino's,FALSE
Fast food chains,Papa John's,FALSE
Fast food chains,Whataburger,FALSE
Fast food chains,Raising Cane's,FALSE
Fast food chains,Qdoba,FALSE
Fast food chains,Blaze Pizza,FALSE
Fast food chains,Firehouse Subs,FALSE
Fast food chains,Potbelly,FALSE
Fast food chains,Del Taco,FALSE
Fast food chains,Torchy's Tacos,FALSE
Fast food chains,Checkers,FALSE
Fast food chains,Rally's,FALSE
Fast food chains,White Castle,FALSE
Fast food chains,Church's Chicken,FALSE
Fast food chains,Einstein Bros. Bagels,FALSE
Fast food chains,Smashburger,FALSE
Fast food chains,Bojangles,FALSE
Fast food chains,Jack in the Box,FALSE
Fast food chains,El Pollo Loco,FALSE
Fast food chains,Krystal,FALSE
Fast food chains,Red Robin (fast-casual),FALSE
Fast food chains,Noodles & Company,FALSE
Fast food chains,Swenson's,FALSE
Fast food chains,Boston Market,FALSE
Fast food chains,Moe's Southwest Grill,FALSE
Fast food chains,Wingstop,FALSE
Fast food chains,Dairy Queen,FALSE
Fast food chains,Carl's Jr.,FALSE
Fast food chains,Hardee's,FALSE
Fast food chains,Cava,FALSE
Closet,T-Shirt,FALSE
Closet,Jeans,FALSE
Closet,Socks,FALSE
Closet,Underwear,FALSE
Closet,Sweatshirt,FALSE
Closet,Hoodie,FALSE
Closet,Jacket,FALSE
Closet,Coat,FALSE
Closet,Scarf,FALSE
Closet,Gloves,FALSE
Closet,Beanie,FALSE
Closet,Shorts,FALSE
Closet,Skirt,FALSE
Closet,Dress,FALSE
Closet,Blouse,FALSE
Closet,Button-down shirt,FALSE
Closet,Polo shirt,FALSE
Closet,Tank top,FALSE
Closet,Suit jacket,FALSE
Closet,Tie,FALSE
Closet,Belt,FALSE
Closet,Bra,FALSE
Closet,Leggings,FALSE
Closet,Sweatpants,FALSE
Closet,Pajamas,FALSE
Closet,Fancy dress,FALSE
Closet,Overalls,FALSE
Closet,Cardigan,FALSE
Closet,Vest,FALSE
Closet,Raincoat,FALSE
Closet,Slides,FALSE
Closet,Snow pants,FALSE
Closet,Thermal shirt,FALSE
Closet,Turtleneck,FALSE
Closet,Sports jersey,FALSE
Closet,Swimsuit,FALSE
Closet,Cover-up,FALSE
Closet,Hat,FALSE
Closet,Sneakers,FALSE
Closet,Dress shoes,FALSE
Closet,Cowboy boots,FALSE
Closet,Flip-flops,FALSE
Closet,Robe,FALSE
Closet,Workout shorts,FALSE
Closet,Blazer,FALSE
Closet,Graphic tee,FALSE
Closet,Anorak,FALSE
Closet,Windbreaker,FALSE
Closet,Poncho,FALSE
Fridge,Milk,FALSE
Fridge,Eggs,FALSE
Fridge,Butter,FALSE
Fridge,Cheddar cheese,FALSE
Fridge,Mozzarella,FALSE
Fridge,Yogurt,FALSE
Fridge,Sour cream,FALSE
Fridge,Cream cheese,FALSE
Fridge,Orange juice,FALSE
Fridge,Apple juice,FALSE
Fridge,Cold brew coffee,FALSE
Fridge,Lettuce,FALSE
Fridge,Spinach,FALSE
Fridge,Carrots,FALSE
Fridge,Celery,FALSE
Fridge,Broccoli,FALSE
Fridge,Leftovers,FALSE
Fridge,Ketchup,FALSE
Fridge,Mustard,FALSE
Fridge,Mayonnaise,FALSE
Fridge,Pickles,FALSE
Fridge,Bacon,FALSE
Fridge,Ham,FALSE
Fridge,Turkey slices,FALSE
Fridge,Grapes,FALSE
Fridge,Berries,FALSE
Fridge,Applesauce cup,FALSE
Fridge,Protein shake,FALSE
Fridge,Salad dressing,FALSE
Fridge,Hummus,FALSE
Fridge,Guacamole,FALSE
Fridge,Salsa,FALSE
Fridge,Bottled water,FALSE
Fridge,Soda,FALSE
Fridge,Iced tea,FALSE
Fridge,Beer,FALSE
Fridge,White wine,FALSE
Fridge,Marinara sauce,FALSE
Fridge,Butter chicken sauce,FALSE
Fridge,Hot sauce,FALSE
Fridge,Pesto,FALSE
Fridge,Fruit cup,FALSE
Fridge,Tortillas,FALSE
Fridge,Hash browns,FALSE
Fridge,Frozen waffles,FALSE
Fridge,Chicken broth,FALSE
Fridge,Tofu,FALSE
Fridge,Miso paste,FALSE
Fridge,Fresh herbs,FALSE
Garage,Hammer,FALSE
Garage,Screwdriver,FALSE
Garage,Wrench,FALSE
Garage,Power drill,FALSE
Garage,Nails,FALSE
Garage,Screws,FALSE
Garage,Paint can,FALSE
Garage,Paintbrush,FALSE
Garage,Garden hose,FALSE
Garage,Rake,FALSE
Garage,Shovel,FALSE
Garage,Lawn mower,FALSE
Garage,Leaf blower,FALSE
Garage,Socket set,FALSE
Garage,Workbench,FALSE
Garage,Extension cord,FALSE
Garage,Toolbox,FALSE
Garage,Air pump,FALSE
Garage,Bicycle,FALSE
Garage,Bike helmet,FALSE
Garage,Car jack,FALSE
Garage,Jumper cables,FALSE
Garage,Spare tire,FALSE
Garage,Motor oil,FALSE
Garage,Antifreeze,FALSE
Garage,WD-40,FALSE
Garage,Saw,FALSE
Garage,Hedge trimmer,FALSE
Garage,Weed whacker,FALSE
Garage,Chainsaw,FALSE
Garage,Folding chair,FALSE
Garage,Camp stove,FALSE
Garage,Cooler,FALSE
Garage,Plastic bins,FALSE
Garage,Luggage,FALSE
Garage,Sports equipment,FALSE
Garage,Snow shovel,FALSE
Garage,Rock salt,FALSE
Garage,Workbench light,FALSE
Garage,Ratchet straps,FALSE
Garage,Shop vac,FALSE
Garage,Work gloves,FALSE
Garage,Roller skates,FALSE
Garage,Paint roller,FALSE
Garage,Cordless drill batteries,FALSE
Garage,Drill bits,FALSE
Garage,Step ladder,FALSE
Garage,Car wash soap,FALSE
Garage,Tarp,FALSE
Camping,Tent,FALSE
Camping,Sleeping bag,FALSE
Camping,Sleeping pad,FALSE
Camping,Camp stove,FALSE
Camping,Propane canister,FALSE
Camping,Flashlight,FALSE
Camping,Headlamp,FALSE
Camping,Lantern,FALSE
Camping,Firestarter,FALSE
Camping,Matches,FALSE
Camping,First aid kit,FALSE
Camping,Map,FALSE
Camping,Compass,FALSE
Camping,Portable water filter,FALSE
Camping,Hiking boots,FALSE
Camping,Backpack,FALSE
Camping,Folding chair,FALSE
Camping,Cooler,FALSE
Camping,Hatchet,FALSE
Camping,Pocket knife,FALSE
Camping,Rope,FALSE
Camping,Tarp,FALSE
Camping,Camp mug,FALSE
Camping,Metal plate,FALSE
Camping,Spork,FALSE
Camping,Canteen,FALSE
Camping,Bear spray,FALSE
Camping,Trail mix,FALSE
Camping,Marshmallows,FALSE
Camping,Graham crackers,FALSE
Camping,Chocolate bar,FALSE
Camping,Bug spray,FALSE
Camping,Sunscreen,FALSE
Camping,Portable charger,FALSE
Camping,Whistle,FALSE
Camping,Binoculars,FALSE
Camping,Hammock,FALSE
Camping,Fire gloves,FALSE
Camping,Dry bag,FALSE
Camping,Poncho,FALSE
Camping,Rain fly,FALSE
Camping,Camp table,FALSE
Camping,Pillow,FALSE
Camping,Portable shower,FALSE
Camping,Camp shovel,FALSE
Camping,Wood bundle,FALSE
Camping,Carabiners,FALSE
Camping,Water bottle,FALSE
Camping,Extra socks,FALSE
Shoe brands,Nike,FALSE
Shoe brands,Adidas,FALSE
Shoe brands,Puma,FALSE
Shoe brands,Reebok,FALSE
Shoe brands,New Balance,FALSE
Shoe brands,Asics,FALSE
Shoe brands,Brooks,FALSE
Shoe brands,Converse,FALSE
Shoe brands,Vans,FALSE
Shoe brands,Under Armour,FALSE
Shoe brands,Skechers,FALSE
Shoe brands,Merrell,FALSE
Shoe brands,Timberland,FALSE
Shoe brands,Doc Martens,FALSE
Shoe brands,Crocs,FALSE
Shoe brands,Salomon,FALSE
Shoe brands,Clarks,FALSE
Shoe brands,UGG,FALSE
Shoe brands,Fila,FALSE
Shoe brands,Champion,FALSE
Shoe brands,Hoka,FALSE
Shoe brands,On Running,FALSE
Shoe brands,K-Swiss,FALSE
Shoe brands,Saucony,FALSE
Shoe brands,Altra,FALSE
Shoe brands,La Sportiva,FALSE
Shoe brands,Columbia,FALSE
Shoe brands,Hey Dude,FALSE
Shoe brands,Birkenstock,FALSE
Shoe brands,Red Wing,FALSE
Shoe brands,Allen Edmonds,FALSE
Shoe brands,Steve Madden,FALSE
Shoe brands,Gucci,FALSE
Shoe brands,Balenciaga,FALSE
Shoe brands,Prada,FALSE
Shoe brands,Chanel,FALSE
Shoe brands,Louis Vuitton,FALSE
Shoe brands,Christian Louboutin,FALSE
Shoe brands,Frye,FALSE
Shoe brands,Chaco,FALSE
Shoe brands,Keen,FALSE
Shoe brands,Toms,FALSE
Shoe brands,Sorel,FALSE
Shoe brands,Ariat,FALSE
Shoe brands,Rothy’s,FALSE
Shoe brands,Sperry,FALSE
Shoe brands,Teva,FALSE
Shoe brands,Blundstone,FALSE
Shoe brands,Oliver Cabell,FALSE